-- MySQL dump 10.13  Distrib 5.7.12, for Win64 (x86_64)
--
-- Host: 127.0.0.1    Database: enterprisedb
-- ------------------------------------------------------
-- Server version	5.7.17-log

/*!40101 SET @OLD_CHARACTER_SET_CLIENT=@@CHARACTER_SET_CLIENT */;
/*!40101 SET @OLD_CHARACTER_SET_RESULTS=@@CHARACTER_SET_RESULTS */;
/*!40101 SET @OLD_COLLATION_CONNECTION=@@COLLATION_CONNECTION */;
/*!40101 SET NAMES utf8 */;
/*!40103 SET @OLD_TIME_ZONE=@@TIME_ZONE */;
/*!40103 SET TIME_ZONE='+00:00' */;
/*!40014 SET @OLD_UNIQUE_CHECKS=@@UNIQUE_CHECKS, UNIQUE_CHECKS=0 */;
/*!40014 SET @OLD_FOREIGN_KEY_CHECKS=@@FOREIGN_KEY_CHECKS, FOREIGN_KEY_CHECKS=0 */;
/*!40101 SET @OLD_SQL_MODE=@@SQL_MODE, SQL_MODE='NO_AUTO_VALUE_ON_ZERO' */;
/*!40111 SET @OLD_SQL_NOTES=@@SQL_NOTES, SQL_NOTES=0 */;

--
-- Dumping data for table `address`
--

LOCK TABLES `address` WRITE;
/*!40000 ALTER TABLE `address` DISABLE KEYS */;
INSERT INTO `address` VALUES ('ADD1000','Admin Add 1','Admin Add 2','Admin Add 3',1,'2017-01-01','12:00:00',1,NULL,NULL,NULL,'Admin Address'),('ADD1001','279/1','KALUPAHANA','PORUWADANDA',NULL,'2017-09-09','20:50:43',1,NULL,NULL,NULL,NULL);
/*!40000 ALTER TABLE `address` ENABLE KEYS */;
UNLOCK TABLES;

--
-- Dumping data for table `bom`
--

LOCK TABLES `bom` WRITE;
/*!40000 ALTER TABLE `bom` DISABLE KEYS */;
INSERT INTO `bom` VALUES ('BOM1000','PANDA UNDER WASH',300,'2017-09-10','23:03:29',1,NULL,NULL,NULL,'MICRO PANDA UNDER WASH','ITM1003',1),('BOM1001','PANDA FULL SERVICE',4650,'2017-09-11','11:27:44',1,NULL,NULL,NULL,'MICRO PANDA FULL SERVICE','ITM1007',1);
/*!40000 ALTER TABLE `bom` ENABLE KEYS */;
UNLOCK TABLES;

--
-- Dumping data for table `bom_item`
--

LOCK TABLES `bom_item` WRITE;
/*!40000 ALTER TABLE `bom_item` DISABLE KEYS */;
INSERT INTO `bom_item` VALUES ('BOM1000','ITM1009',1,220,220,'2017-09-10','23:03:29',1,NULL,NULL,NULL,'','BOI1000','UOM1000'),('BOM1000','ITM1008',1,80,80,'2017-09-10','23:03:29',1,NULL,NULL,NULL,'','BOI1001','UOM1000'),('BOM1001','ITM1004',1,850,850,'2017-09-11','11:27:44',1,NULL,NULL,NULL,'','BOI1002','UOM1000'),('BOM1001','ITM1005',1,1700,1700,'2017-09-11','11:27:44',1,NULL,NULL,NULL,'','BOI1003','UOM1000'),('BOM1001','ITM1003',1,1300,1300,'2017-09-11','11:27:44',1,NULL,NULL,NULL,'','BOI1004','UOM1000'),('BOM1001','ITM1006',2,400,800,'2017-09-11','11:27:44',1,NULL,NULL,NULL,'','BOI1005','UOM1000');
/*!40000 ALTER TABLE `bom_item` ENABLE KEYS */;
UNLOCK TABLES;

--
-- Dumping data for table `business_address`
--

LOCK TABLES `business_address` WRITE;
/*!40000 ALTER TABLE `business_address` DISABLE KEYS */;
INSERT INTO `business_address` VALUES ('ADD1000','BPT1000'),('ADD1001','BPT1001');
/*!40000 ALTER TABLE `business_address` ENABLE KEYS */;
UNLOCK TABLES;

--
-- Dumping data for table `business_partner`
--

LOCK TABLES `business_partner` WRITE;
/*!40000 ALTER TABLE `business_partner` DISABLE KEYS */;
INSERT INTO `business_partner` VALUES ('BPT1000','SYSTEM','ADMINISTRATOR','123456789V','1984-09-01',1,1,0,0,'2017-01-01','12:00:00',1,NULL,NULL,NULL,'ruwan madawala'),('BPT1001','RUWAN','MADAWALA','842450497V','1984-09-01',1,1,1,1,'2017-09-09','20:52:07',1,NULL,NULL,NULL,'ruwan madawala');
/*!40000 ALTER TABLE `business_partner` ENABLE KEYS */;
UNLOCK TABLES;

--
-- Dumping data for table `business_telephone`
--

LOCK TABLES `business_telephone` WRITE;
/*!40000 ALTER TABLE `business_telephone` DISABLE KEYS */;
INSERT INTO `business_telephone` VALUES ('TEL1000','BPT1000'),('TEL1001','BPT1001');
/*!40000 ALTER TABLE `business_telephone` ENABLE KEYS */;
UNLOCK TABLES;

--
-- Dumping data for table `category`
--

LOCK TABLES `category` WRITE;
/*!40000 ALTER TABLE `category` DISABLE KEYS */;
INSERT INTO `category` VALUES ('CAT1000','OIL',1,'2017-09-09','20:40:02',1,NULL,NULL,NULL,'oil'),('CAT1001','SERVICES',1,'2017-09-09','20:40:13',1,NULL,NULL,NULL,'services'),('CAT1002','WASHES',1,'2017-09-10','11:17:58',1,NULL,NULL,NULL,'washes'),('CAT1003','CHEMICAL',1,'2017-09-10','21:02:05',1,NULL,NULL,NULL,'chemical');
/*!40000 ALTER TABLE `category` ENABLE KEYS */;
UNLOCK TABLES;

--
-- Dumping data for table `grn`
--

LOCK TABLES `grn` WRITE;
/*!40000 ALTER TABLE `grn` DISABLE KEYS */;
INSERT INTO `grn` VALUES ('GRN1000','654123','12:02:33','2017-09-11','CHARITH KUMARASINGHE','20170911-654123','2017-09-11','12:02:33',1,NULL,NULL,NULL,'NEW ORDER FROM RM','BPT1001');
/*!40000 ALTER TABLE `grn` ENABLE KEYS */;
UNLOCK TABLES;

--
-- Dumping data for table `grn_line`
--

LOCK TABLES `grn_line` WRITE;
/*!40000 ALTER TABLE `grn_line` DISABLE KEYS */;
INSERT INTO `grn_line` VALUES (1,70,20,0,1400,70,'2017-09-11','12:02:33',1,NULL,NULL,NULL,'','GRN1000','ITM1000'),(2,170,20,0,3400,170,'2017-09-11','12:02:33',1,NULL,NULL,NULL,'','GRN1000','ITM1001'),(3,430,20,0,8600,430,'2017-09-11','12:02:33',1,NULL,NULL,NULL,'','GRN1000','ITM1002');
/*!40000 ALTER TABLE `grn_line` ENABLE KEYS */;
UNLOCK TABLES;

--
-- Dumping data for table `invoice`
--

LOCK TABLES `invoice` WRITE;
/*!40000 ALTER TABLE `invoice` DISABLE KEYS */;
INSERT INTO `invoice` VALUES ('INV1000','2017-09-11','10:17:23',1,NULL,NULL,NULL,'SVR1000'),('INV1001','2017-09-11','11:46:31',1,NULL,NULL,NULL,'SVR1001'),('INV1002','2017-09-11','12:11:14',1,NULL,NULL,NULL,'SVR1002'),('INV1003','2017-09-11','12:27:12',1,NULL,NULL,NULL,'SVR1003'),('INV1004','2017-09-11','12:33:57',1,NULL,NULL,NULL,'SVR1004'),('INV1005','2017-09-11','12:38:55',1,NULL,NULL,NULL,'SVR1005'),('INV1006','2017-09-11','12:42:34',1,NULL,NULL,NULL,'SVR1006'),('INV1007','2017-09-11','14:04:30',1,NULL,NULL,NULL,'SVR1007'),('INV1008','2017-09-11','14:13:51',1,NULL,NULL,NULL,'SVR1008'),('INV1009','2017-09-11','14:20:06',1,NULL,NULL,NULL,'SVR1009');
/*!40000 ALTER TABLE `invoice` ENABLE KEYS */;
UNLOCK TABLES;

--
-- Dumping data for table `issue_method`
--

LOCK TABLES `issue_method` WRITE;
/*!40000 ALTER TABLE `issue_method` DISABLE KEYS */;
INSERT INTO `issue_method` VALUES (1,'FIFO','First in first out','2017-01-01','12:00:00',1,NULL,NULL,NULL,'First in first out issue method'),(2,'LIFO','Last in first out','2017-01-01','12:00:00',1,NULL,NULL,NULL,'Last in first out issue method'),(3,'AVG','Average weighted','2017-01-01','12:00:00',1,NULL,NULL,NULL,'Average weighted issue method');
/*!40000 ALTER TABLE `issue_method` ENABLE KEYS */;
UNLOCK TABLES;

--
-- Dumping data for table `item`
--

LOCK TABLES `item` WRITE;
/*!40000 ALTER TABLE `item` DISABLE KEYS */;
INSERT INTO `item` VALUES ('ITM1000','KEROSENE OIL',NULL,10,1,1,1,0,'2017-09-10','22:41:01',1,NULL,NULL,NULL,'KEROSENE OIL','SUB1006','SLT1000','UOM1001','UOM1002','MAN1000',1,NULL,'ITP1001'),('ITM1001','CAR WASH',NULL,10,1,1,1,0,'2017-09-10','22:43:34',1,NULL,NULL,NULL,'CAR WASH','SUB1005','SLT1000','UOM1001','UOM1002','MAN1000',1,NULL,'ITP1001'),('ITM1002','CALTEX - DOT 3 BREAK OIL',NULL,10,1,1,1,0,'2017-09-10','22:44:25',1,NULL,NULL,NULL,'DOT 3 BREAK OIL','SUB1000','SLT1000','UOM1001','UOM1002','MAN1001',1,NULL,'ITP1001'),('ITM1003','PANDA UNDER WASH',NULL,0,1,0,1,0,'2017-09-10','22:46:23',1,NULL,NULL,NULL,'MICRO PANDA UNDER WASH','SUB1003','SLT1000','UOM1000','UOM1000','MAN1000',1,NULL,'ITP1000'),('ITM1004','PANDA BODY WASH',NULL,0,1,0,1,0,'2017-09-10','22:46:06',1,NULL,NULL,NULL,'MICRO PANDA BODY WASH','SUB1002','SLT1000','UOM1000','UOM1000','MAN1000',1,NULL,'ITP1000'),('ITM1005','PANDA ENGINE WASH',NULL,0,1,0,1,0,'2017-09-10','22:47:05',1,NULL,NULL,NULL,'MICRO PANDA ENGINE WASH','SUB1004','SLT1000','UOM1000','UOM1000','MAN1000',1,NULL,'ITP1000'),('ITM1006','CALTEX - DOT 3 250 ML',NULL,10,250,1,1,0,'2017-09-10','22:48:28',1,NULL,NULL,NULL,'DOT 3 250 ML','SUB1000','SLT1000','UOM1001','UOM1002','MAN1001',1,'ITM1002','ITP1000'),('ITM1007','PANDA FULL SERVICE',NULL,1,1,1,1,1,'2017-09-10','22:49:42',1,NULL,NULL,NULL,'MICRO PANDA','SUB1001','SLT1000','UOM1000','UOM1000','MAN1000',1,NULL,'ITP1000'),('ITM1008','KEROSENE 100 ML',NULL,10,100,1,1,0,'2017-09-10','23:00:53',1,NULL,NULL,NULL,'KEROSENE 100 ML','SUB1006','SLT1000','UOM1001','UOM1002','MAN1000',1,'ITM1000','ITP1001'),('ITM1009','CAR WASH 250 ML',NULL,10,250,1,1,0,'2017-09-10','23:01:33',1,NULL,NULL,NULL,'CAR WASH 250 ML','SUB1005','SLT1000','UOM1001','UOM1002','MAN1000',1,'ITM1001','ITP1000');
/*!40000 ALTER TABLE `item` ENABLE KEYS */;
UNLOCK TABLES;

--
-- Dumping data for table `item_type`
--

LOCK TABLES `item_type` WRITE;
/*!40000 ALTER TABLE `item_type` DISABLE KEYS */;
INSERT INTO `item_type` VALUES ('ITP1000','SELL',1,'SELL','2017-09-09','20:48:29',1,NULL,NULL,NULL),('ITP1001','STORE',1,'STORE','2017-09-09','20:48:44',1,NULL,NULL,NULL);
/*!40000 ALTER TABLE `item_type` ENABLE KEYS */;
UNLOCK TABLES;

--
-- Dumping data for table `key_table`
--

LOCK TABLES `key_table` WRITE;
/*!40000 ALTER TABLE `key_table` DISABLE KEYS */;
INSERT INTO `key_table` VALUES (1,'ADD',1002,'Address codes','2017-01-01','12:00:00',1,'2017-09-09','20:50:43',1),(2,'TEL',1002,'Telephone codes','2017-01-01','12:00:00',1,'2017-09-09','20:50:53',1),(3,'BPT',1002,'Business partner codes','2017-01-01','12:00:00',1,'2017-09-09','20:52:07',1),(4,'STO',1001,'Storage','2017-09-09','20:37:13',1,NULL,NULL,NULL),(5,'RAC',1001,'Racks','2017-09-09','20:37:36',1,NULL,NULL,NULL),(6,'SLT',1002,'Rack slots','2017-09-09','20:37:58',1,'2017-09-09','20:38:15',1),(7,'LOC',1003,'Location','2017-09-09','20:38:44',1,'2017-09-09','20:39:12',1),(8,'PRN',1001,'Printer','2017-09-09','20:39:31',1,NULL,NULL,NULL),(9,'CAT',1004,'Category','2017-09-09','20:40:02',1,'2017-09-10','21:02:05',1),(10,'SUB',1007,'Sub Category','2017-09-09','20:47:52',1,'2017-09-10','21:03:18',1),(11,'ITP',1002,'Item type','2017-09-09','20:48:29',1,'2017-09-09','20:48:44',1),(13,'VHT',1001,'Vehicle type','2017-09-09','22:25:22',1,NULL,NULL,NULL),(14,'VEH',1001,'Vehivle','2017-09-09','22:25:50',1,NULL,NULL,NULL),(30,'ITM',1010,'Item codes','2017-09-10','22:40:57',1,'2017-09-10','23:01:33',1),(31,'BOM',1002,'Bill of metirial codes','2017-09-10','23:03:25',1,'2017-09-11','11:27:44',1),(32,'BOI',1006,'Bill of metirial item code','2017-09-10','23:03:57',1,'2017-09-11','11:27:44',1),(33,'SVR',1010,'Service','2017-09-11','10:17:09',1,'2017-09-11','14:20:03',1),(34,'INV',1010,'Invoices','2017-09-11','10:17:23',1,'2017-09-11','14:20:06',1),(35,'PAY',1010,'Payment','2017-09-11','10:17:57',1,'2017-09-11','14:20:18',1),(36,'GRN',1001,'Good receive note','2017-09-11','12:02:33',1,NULL,NULL,NULL);
/*!40000 ALTER TABLE `key_table` ENABLE KEYS */;
UNLOCK TABLES;

--
-- Dumping data for table `license`
--

LOCK TABLES `license` WRITE;
/*!40000 ALTER TABLE `license` DISABLE KEYS */;
INSERT INTO `license` VALUES (1,'Zillion Hub Private Ltd','279/1, Ranasinghegoda Mw','Kalupahana','Poruwadanda','+94342210010','+94342210020','zillionhub@zillionhub.com','www.zillionhub.com','1111-11111111');
/*!40000 ALTER TABLE `license` ENABLE KEYS */;
UNLOCK TABLES;

--
-- Dumping data for table `manufacturer`
--

LOCK TABLES `manufacturer` WRITE;
/*!40000 ALTER TABLE `manufacturer` DISABLE KEYS */;
INSERT INTO `manufacturer` VALUES ('MAN1000','NONE','2017-01-01','12:00:00',1,NULL,NULL,NULL,'NO MANUFACTURER'),('MAN1001','CALTEX','2017-01-01','12:00:00',1,NULL,NULL,NULL,'CALTEX'),('MAN1002','SERVO','2017-01-01','12:00:00',1,NULL,NULL,NULL,'SERVO'),('MAN1003','MOBIL','2017-01-01','12:00:00',1,NULL,NULL,NULL,'MOBIL'),('MAN1004','MOTHUL','2017-01-01','12:00:00',1,NULL,NULL,NULL,'MOTHUL');
/*!40000 ALTER TABLE `manufacturer` ENABLE KEYS */;
UNLOCK TABLES;

--
-- Dumping data for table `module`
--

LOCK TABLES `module` WRITE;
/*!40000 ALTER TABLE `module` DISABLE KEYS */;
INSERT INTO `module` VALUES (1,'1','Users','',0,1,0,'2016-01-01','12:00:00',1,'2017-09-11','11:25:47',1,'Users module'),(2,'2','User Privilages','',0,1,0,'2016-01-01','12:00:00',1,'2017-09-11','11:25:47',1,'User privilages module'),(3,'3','Storage','',0,1,0,'2016-01-01','12:00:00',1,'2017-09-11','11:25:47',1,'Storage module'),(4,'4','Storage Racks','',0,1,0,'2016-01-01','12:00:00',1,'2017-09-11','11:25:47',1,'Storage Racks module'),(5,'5','Rack Slots','',0,1,0,'2016-01-01','12:00:00',1,'2017-09-11','11:25:47',1,'Rack Slots module'),(6,'6','Locations','',0,1,0,'2016-01-01','12:00:00',1,'2017-09-11','11:25:47',1,'Locations module'),(7,'7','Category','',0,1,0,'2016-01-01','12:00:00',1,'2017-09-11','11:25:47',1,'Category module'),(8,'8','Item Type','',0,1,0,'2016-01-01','12:00:00',1,'2017-09-11','11:25:47',1,'Sub category type module'),(9,'9','Sub Category','',0,1,0,'2016-01-01','12:00:00',1,'2017-09-11','11:25:47',1,'Sub category module'),(10,'10','Items','',0,1,0,'2016-01-01','12:00:00',1,'2017-09-11','11:25:47',1,'Items module'),(11,'11','Business Partner','',0,1,0,'2016-01-01','12:00:00',1,'2017-09-11','11:25:47',1,'Business partner module'),(12,'12','Printers','',0,1,0,'2016-01-01','12:00:00',1,'2017-09-11','11:25:47',1,'Printers module'),(13,'13','Vehicle Type','',0,1,0,'2016-01-01','12:00:00',1,'2017-09-11','11:25:47',1,'Vehivle Type module'),(14,'14','Vehicles','',0,1,0,'2016-01-01','12:00:00',1,'2017-09-11','11:25:47',1,'Vehivles module'),(15,'15','Add Shortcuts','',0,1,0,'2016-01-01','12:00:00',1,'2017-09-11','11:25:47',1,'Add Shortcuts module'),(16,'16','Service','',1,1,1,'2016-01-01','12:00:00',1,'2017-09-11','11:25:47',1,'Service module'),(17,'17','BOM','',1,1,0,'2016-01-01','12:00:00',1,'2017-09-11','11:25:47',1,'BOM module'),(18,'18','GRN','...',1,1,0,'2016-01-01','12:00:00',1,'2017-09-11','11:25:47',1,'Good receive note module');
/*!40000 ALTER TABLE `module` ENABLE KEYS */;
UNLOCK TABLES;

--
-- Dumping data for table `payment`
--

LOCK TABLES `payment` WRITE;
/*!40000 ALTER TABLE `payment` DISABLE KEYS */;
INSERT INTO `payment` VALUES ('PAY1000',1250,'2017-09-11','10:17:57',1,NULL,NULL,NULL,NULL,'PTY1000','INV1000'),('PAY1001',4650,'2017-09-11','11:47:06',1,NULL,NULL,NULL,NULL,'PTY1000','INV1001'),('PAY1002',4650,'2017-09-11','12:11:40',1,NULL,NULL,NULL,NULL,'PTY1000','INV1002'),('PAY1003',4650,'2017-09-11','12:27:24',1,NULL,NULL,NULL,NULL,'PTY1000','INV1003'),('PAY1004',4650,'2017-09-11','12:34:07',1,NULL,NULL,NULL,NULL,'PTY1000','INV1004'),('PAY1005',4650,'2017-09-11','12:39:11',1,NULL,NULL,NULL,NULL,'PTY1000','INV1005'),('PAY1006',4650,'2017-09-11','12:42:44',1,NULL,NULL,NULL,NULL,'PTY1000','INV1006'),('PAY1007',4650,'2017-09-11','14:04:53',1,NULL,NULL,NULL,NULL,'PTY1000','INV1007'),('PAY1008',4650,'2017-09-11','14:14:07',1,NULL,NULL,NULL,NULL,'PTY1000','INV1008'),('PAY1009',4650,'2017-09-11','14:20:18',1,NULL,NULL,NULL,NULL,'PTY1000','INV1009');
/*!40000 ALTER TABLE `payment` ENABLE KEYS */;
UNLOCK TABLES;

--
-- Dumping data for table `payment_type`
--

LOCK TABLES `payment_type` WRITE;
/*!40000 ALTER TABLE `payment_type` DISABLE KEYS */;
INSERT INTO `payment_type` VALUES ('PTY1000','CASH',1,'2017-01-01','12:00:00',1,NULL,NULL,NULL,'CASH PAYMENTS'),('PTY1001','CHEQUE',1,'2017-01-01','12:00:00',1,NULL,NULL,NULL,'CHEQUE PAYMENTS'),('PTY1002','CREDIT',1,'2017-01-01','12:00:00',1,NULL,NULL,NULL,'SETTLE TO CUSTOMER ACCOUNT');
/*!40000 ALTER TABLE `payment_type` ENABLE KEYS */;
UNLOCK TABLES;

--
-- Dumping data for table `printer`
--

LOCK TABLES `printer` WRITE;
/*!40000 ALTER TABLE `printer` DISABLE KEYS */;
INSERT INTO `printer` VALUES ('PRN1000','MAIN STORAGE PRINTER',1,'2017-09-09','20:39:31',1,NULL,NULL,NULL,'MAIN STORAGE PRINTER');
/*!40000 ALTER TABLE `printer` ENABLE KEYS */;
UNLOCK TABLES;

--
-- Dumping data for table `rack`
--

LOCK TABLES `rack` WRITE;
/*!40000 ALTER TABLE `rack` DISABLE KEYS */;
INSERT INTO `rack` VALUES ('RAC1000','MAIN RACK',1,'2017-09-09','20:37:36',1,NULL,NULL,NULL,'MAIN RACK','STO1000');
/*!40000 ALTER TABLE `rack` ENABLE KEYS */;
UNLOCK TABLES;

--
-- Dumping data for table `rack_slot`
--

LOCK TABLES `rack_slot` WRITE;
/*!40000 ALTER TABLE `rack_slot` DISABLE KEYS */;
INSERT INTO `rack_slot` VALUES ('SLT1000','SLOT 1',1,'2017-09-09','20:37:58',1,NULL,NULL,NULL,'SLOT 1','RAC1000'),('SLT1001','SLOT 2',1,'2017-09-09','20:38:15',1,NULL,NULL,NULL,'SLOT 2','RAC1000');
/*!40000 ALTER TABLE `rack_slot` ENABLE KEYS */;
UNLOCK TABLES;

--
-- Dumping data for table `selling_price`
--

LOCK TABLES `selling_price` WRITE;
/*!40000 ALTER TABLE `selling_price` DISABLE KEYS */;
INSERT INTO `selling_price` VALUES (1,0,'2017-09-10','2017-09-10','22:41:01',1,NULL,NULL,NULL,'','ITM1000'),(2,0,'2017-09-10','2017-09-10','22:43:34',1,NULL,NULL,NULL,'','ITM1001'),(3,0,'2017-09-10','2017-09-10','22:44:25',1,NULL,NULL,NULL,'','ITM1002'),(4,1300,'2017-09-10','2017-09-10','22:45:20',1,'2017-09-10','22:46:23',1,'','ITM1003'),(5,950,'2017-09-10','2017-09-10','22:46:06',1,NULL,NULL,NULL,'','ITM1004'),(6,1700,'2017-09-10','2017-09-10','22:47:05',1,NULL,NULL,NULL,'','ITM1005'),(7,225,'2017-09-10','2017-09-10','22:48:28',1,NULL,NULL,NULL,'','ITM1006'),(8,0,'2017-09-10','2017-09-10','22:49:42',1,NULL,NULL,NULL,'','ITM1007'),(9,80,'2017-09-10','2017-09-10','23:00:53',1,NULL,NULL,NULL,'','ITM1008'),(10,220,'2017-09-10','2017-09-10','23:01:33',1,NULL,NULL,NULL,'','ITM1009'),(11,300,'2017-09-10','2017-09-10','23:03:29',1,NULL,NULL,NULL,NULL,'ITM1003'),(12,4650,'2017-09-11','2017-09-11','11:27:44',1,NULL,NULL,NULL,NULL,'ITM1007');
/*!40000 ALTER TABLE `selling_price` ENABLE KEYS */;
UNLOCK TABLES;

--
-- Dumping data for table `service`
--

LOCK TABLES `service` WRITE;
/*!40000 ALTER TABLE `service` DISABLE KEYS */;
INSERT INTO `service` VALUES ('SVR1000',207500,1250,0,1250,0,'2017-09-11','10:17:09',1,NULL,NULL,NULL,NULL,'LOC1000','VEH1000',5),('SVR1001',207500,4650,0,4650,0,'2017-09-11','11:28:32',1,NULL,NULL,NULL,NULL,'LOC1000','VEH1000',5),('SVR1002',207500,4650,0,4650,0,'2017-09-11','12:11:11',1,NULL,NULL,NULL,NULL,'LOC1000','VEH1000',5),('SVR1003',207500,4650,0,4650,0,'2017-09-11','12:27:08',1,NULL,NULL,NULL,NULL,'LOC1000','VEH1000',5),('SVR1004',207500,4650,0,4650,0,'2017-09-11','12:33:53',1,NULL,NULL,NULL,NULL,'LOC1000','VEH1000',5),('SVR1005',207500,4650,0,4650,0,'2017-09-11','12:38:52',1,NULL,NULL,NULL,NULL,'LOC1000','VEH1000',5),('SVR1006',207500,4650,0,4650,0,'2017-09-11','12:42:25',1,NULL,NULL,NULL,NULL,'LOC1000','VEH1000',5),('SVR1007',207500,4650,0,4650,0,'2017-09-11','14:04:25',1,NULL,NULL,NULL,NULL,'LOC1000','VEH1000',5),('SVR1008',20750,4650,0,4650,0,'2017-09-11','14:13:48',1,NULL,NULL,NULL,NULL,'LOC1000','VEH1000',5),('SVR1009',20750,4650,0,4650,0,'2017-09-11','14:20:03',1,NULL,NULL,NULL,NULL,'LOC1000','VEH1000',5);
/*!40000 ALTER TABLE `service` ENABLE KEYS */;
UNLOCK TABLES;

--
-- Dumping data for table `service_bay`
--

LOCK TABLES `service_bay` WRITE;
/*!40000 ALTER TABLE `service_bay` DISABLE KEYS */;
INSERT INTO `service_bay` VALUES ('LOC1000','SERVICE BAY 1',1,'2017-09-09','20:38:44',1,NULL,NULL,NULL,'SERVICE BAY 1'),('LOC1001','SERVICE BAY 2',1,'2017-09-09','20:39:02',1,NULL,NULL,NULL,'SERVICE BAY 2'),('LOC1002','SERVICE BAY 3',1,'2017-09-09','20:39:12',1,NULL,NULL,NULL,'SERVICE BAY 3');
/*!40000 ALTER TABLE `service_bay` ENABLE KEYS */;
UNLOCK TABLES;

--
-- Dumping data for table `service_has_business_partner`
--

LOCK TABLES `service_has_business_partner` WRITE;
/*!40000 ALTER TABLE `service_has_business_partner` DISABLE KEYS */;
/*!40000 ALTER TABLE `service_has_business_partner` ENABLE KEYS */;
UNLOCK TABLES;

--
-- Dumping data for table `service_has_item`
--

LOCK TABLES `service_has_item` WRITE;
/*!40000 ALTER TABLE `service_has_item` DISABLE KEYS */;
INSERT INTO `service_has_item` VALUES ('ITM1004','SVR1000',950,1,950,0,950,'2017-09-11','10:17:09',1,NULL,NULL,NULL,'PANDA BODY WASH',1,1),('ITM1003','SVR1000',300,1,300,0,300,'2017-09-11','10:17:09',1,NULL,NULL,NULL,'PANDA UNDER WASH',2,1),('ITM1003','SVR1001',1300,1,1300,0,1300,'2017-09-11','11:28:32',1,NULL,NULL,NULL,'PANDA UNDER WASH',3,1),('ITM1004','SVR1001',850,1,850,0,850,'2017-09-11','11:28:32',1,NULL,NULL,NULL,'PANDA BODY WASH',4,1),('ITM1005','SVR1001',1700,1,1700,0,1700,'2017-09-11','11:28:32',1,NULL,NULL,NULL,'PANDA ENGINE WASH',5,1),('ITM1006','SVR1001',400,2,800,0,800,'2017-09-11','11:28:32',1,NULL,NULL,NULL,'CALTEX - DOT 3 250 ML',6,1),('ITM1003','SVR1002',1300,1,1300,0,1300,'2017-09-11','12:11:11',1,NULL,NULL,NULL,'PANDA UNDER WASH',7,1),('ITM1004','SVR1002',850,1,850,0,850,'2017-09-11','12:11:11',1,NULL,NULL,NULL,'PANDA BODY WASH',8,1),('ITM1005','SVR1002',1700,1,1700,0,1700,'2017-09-11','12:11:11',1,NULL,NULL,NULL,'PANDA ENGINE WASH',9,1),('ITM1006','SVR1002',400,2,800,0,800,'2017-09-11','12:11:11',1,NULL,NULL,NULL,'CALTEX - DOT 3 250 ML',10,1),('ITM1003','SVR1003',1300,1,1300,0,1300,'2017-09-11','12:27:08',1,NULL,NULL,NULL,'PANDA UNDER WASH',11,1),('ITM1004','SVR1003',850,1,850,0,850,'2017-09-11','12:27:08',1,NULL,NULL,NULL,'PANDA BODY WASH',12,1),('ITM1005','SVR1003',1700,1,1700,0,1700,'2017-09-11','12:27:08',1,NULL,NULL,NULL,'PANDA ENGINE WASH',13,1),('ITM1006','SVR1003',400,2,800,0,800,'2017-09-11','12:27:08',1,NULL,NULL,NULL,'CALTEX - DOT 3 250 ML',14,1),('ITM1003','SVR1004',1300,1,1300,0,1300,'2017-09-11','12:33:53',1,NULL,NULL,NULL,'PANDA UNDER WASH',15,1),('ITM1004','SVR1004',850,1,850,0,850,'2017-09-11','12:33:53',1,NULL,NULL,NULL,'PANDA BODY WASH',16,1),('ITM1005','SVR1004',1700,1,1700,0,1700,'2017-09-11','12:33:53',1,NULL,NULL,NULL,'PANDA ENGINE WASH',17,1),('ITM1006','SVR1004',400,2,800,0,800,'2017-09-11','12:33:53',1,NULL,NULL,NULL,'CALTEX - DOT 3 250 ML',18,1),('ITM1003','SVR1005',1300,1,1300,0,1300,'2017-09-11','12:38:52',1,NULL,NULL,NULL,'PANDA UNDER WASH',19,1),('ITM1004','SVR1005',850,1,850,0,850,'2017-09-11','12:38:52',1,NULL,NULL,NULL,'PANDA BODY WASH',20,1),('ITM1005','SVR1005',1700,1,1700,0,1700,'2017-09-11','12:38:52',1,NULL,NULL,NULL,'PANDA ENGINE WASH',21,1),('ITM1006','SVR1005',400,2,800,0,800,'2017-09-11','12:38:52',1,NULL,NULL,NULL,'CALTEX - DOT 3 250 ML',22,1),('ITM1003','SVR1006',1300,1,1300,0,1300,'2017-09-11','12:42:25',1,NULL,NULL,NULL,'PANDA UNDER WASH',23,1),('ITM1004','SVR1006',850,1,850,0,850,'2017-09-11','12:42:25',1,NULL,NULL,NULL,'PANDA BODY WASH',24,1),('ITM1005','SVR1006',1700,1,1700,0,1700,'2017-09-11','12:42:25',1,NULL,NULL,NULL,'PANDA ENGINE WASH',25,1),('ITM1006','SVR1006',400,2,800,0,800,'2017-09-11','12:42:25',1,NULL,NULL,NULL,'CALTEX - DOT 3 250 ML',26,1),('ITM1003','SVR1007',1300,1,1300,0,1300,'2017-09-11','14:04:25',1,NULL,NULL,NULL,'PANDA UNDER WASH',27,1),('ITM1004','SVR1007',850,1,850,0,850,'2017-09-11','14:04:25',1,NULL,NULL,NULL,'PANDA BODY WASH',28,1),('ITM1005','SVR1007',1700,1,1700,0,1700,'2017-09-11','14:04:25',1,NULL,NULL,NULL,'PANDA ENGINE WASH',29,1),('ITM1006','SVR1007',400,2,800,0,800,'2017-09-11','14:04:25',1,NULL,NULL,NULL,'CALTEX - DOT 3 250 ML',30,1),('ITM1003','SVR1008',1300,1,1300,0,1300,'2017-09-11','14:13:48',1,NULL,NULL,NULL,'PANDA UNDER WASH',31,1),('ITM1004','SVR1008',850,1,850,0,850,'2017-09-11','14:13:48',1,NULL,NULL,NULL,'PANDA BODY WASH',32,1),('ITM1005','SVR1008',1700,1,1700,0,1700,'2017-09-11','14:13:48',1,NULL,NULL,NULL,'PANDA ENGINE WASH',33,1),('ITM1006','SVR1008',400,2,800,0,800,'2017-09-11','14:13:48',1,NULL,NULL,NULL,'CALTEX - DOT 3 250 ML',34,1),('ITM1003','SVR1009',1300,1,1300,0,1300,'2017-09-11','14:20:03',1,NULL,NULL,NULL,'PANDA UNDER WASH',35,1),('ITM1004','SVR1009',850,1,850,0,850,'2017-09-11','14:20:03',1,NULL,NULL,NULL,'PANDA BODY WASH',36,1),('ITM1005','SVR1009',1700,1,1700,0,1700,'2017-09-11','14:20:03',1,NULL,NULL,NULL,'PANDA ENGINE WASH',37,1),('ITM1006','SVR1009',400,2,800,0,800,'2017-09-11','14:20:03',1,NULL,NULL,NULL,'CALTEX - DOT 3 250 ML',38,1);
/*!40000 ALTER TABLE `service_has_item` ENABLE KEYS */;
UNLOCK TABLES;

--
-- Dumping data for table `service_has_item_status`
--

LOCK TABLES `service_has_item_status` WRITE;
/*!40000 ALTER TABLE `service_has_item_status` DISABLE KEYS */;
INSERT INTO `service_has_item_status` VALUES (1,'ACTIVE','2017-01-01','12:00:00',1,NULL,NULL,NULL,'Active items in service'),(2,'CANCELED','2017-01-01','12:00:00',1,NULL,NULL,NULL,'Canceled items in service');
/*!40000 ALTER TABLE `service_has_item_status` ENABLE KEYS */;
UNLOCK TABLES;

--
-- Dumping data for table `service_status`
--

LOCK TABLES `service_status` WRITE;
/*!40000 ALTER TABLE `service_status` DISABLE KEYS */;
INSERT INTO `service_status` VALUES (1,'NEW','2017-01-01','12:00:00',1,NULL,NULL,NULL,'New service'),(2,'OPEN','2017-01-01','12:00:00',1,NULL,NULL,NULL,'Open service'),(3,'INVOICED','2017-01-01','12:00:00',1,NULL,NULL,NULL,'Invoiced service'),(4,'PARTIALLY PAID','2017-01-01','12:00:00',1,NULL,NULL,NULL,'Partially paid service'),(5,'SETTLED','2017-01-01','12:00:00',1,NULL,NULL,NULL,'Settled service'),(6,'CANCELED','2017-01-01','12:00:00',1,NULL,NULL,NULL,'Canceled service');
/*!40000 ALTER TABLE `service_status` ENABLE KEYS */;
UNLOCK TABLES;

--
-- Dumping data for table `stock`
--

LOCK TABLES `stock` WRITE;
/*!40000 ALTER TABLE `stock` DISABLE KEYS */;
INSERT INTO `stock` VALUES (1,70,19900,'2017-09-11','12:02:33',1,NULL,NULL,NULL,NULL,'GRN1000','ITM1000',1),(2,170,19750,'2017-09-11','12:02:33',1,NULL,NULL,NULL,NULL,'GRN1000','ITM1001',1),(3,430,19500,'2017-09-11','12:02:33',1,NULL,NULL,NULL,NULL,'GRN1000','ITM1002',1);
/*!40000 ALTER TABLE `stock` ENABLE KEYS */;
UNLOCK TABLES;

--
-- Dumping data for table `stock_status`
--

LOCK TABLES `stock_status` WRITE;
/*!40000 ALTER TABLE `stock_status` DISABLE KEYS */;
INSERT INTO `stock_status` VALUES (1,'STOCKED','2017-01-01','12:00:00',1,NULL,NULL,NULL,'Added to stock status'),(2,'REJECTED','2017-01-01','12:00:00',1,NULL,NULL,NULL,'Rejected stock status'),(3,'RETURNED','2017-01-01','12:00:00',1,NULL,NULL,NULL,'Returned stock status');
/*!40000 ALTER TABLE `stock_status` ENABLE KEYS */;
UNLOCK TABLES;

--
-- Dumping data for table `storage`
--

LOCK TABLES `storage` WRITE;
/*!40000 ALTER TABLE `storage` DISABLE KEYS */;
INSERT INTO `storage` VALUES ('STO1000','MAIN STORAGE',1,'2017-09-09','20:37:14',1,NULL,NULL,NULL,'MAIN STORAGE');
/*!40000 ALTER TABLE `storage` ENABLE KEYS */;
UNLOCK TABLES;

--
-- Dumping data for table `sub_category`
--

LOCK TABLES `sub_category` WRITE;
/*!40000 ALTER TABLE `sub_category` DISABLE KEYS */;
INSERT INTO `sub_category` VALUES ('SUB1000','BREAK OIL',1,'2017-09-09','20:47:52',1,NULL,NULL,NULL,'BREAK OIL','CAT1000','PRN1000'),('SUB1001','CAR SERVICE',1,'2017-09-10','11:18:18',1,NULL,NULL,NULL,'CAR SERVICE','CAT1001','PRN1000'),('SUB1002','BODY WASH',1,NULL,NULL,NULL,'2017-09-10','11:19:18',1,'BODY WASH','CAT1002','PRN1000'),('SUB1003','UNDER WASH',1,'2017-09-10','11:18:50',1,NULL,NULL,NULL,'UNDER WASH','CAT1002','PRN1000'),('SUB1004','ENGINE WASH',1,'2017-09-10','11:19:11',1,NULL,NULL,NULL,'ENGINE WASH','CAT1002','PRN1000'),('SUB1005','CAR WASH',1,'2017-09-10','21:02:27',1,NULL,NULL,NULL,'CAR WASH','CAT1003','PRN1000'),('SUB1006','OTHER OIL',1,'2017-09-10','21:03:18',1,NULL,NULL,NULL,'OTHER OIL','CAT1000','PRN1000');
/*!40000 ALTER TABLE `sub_category` ENABLE KEYS */;
UNLOCK TABLES;

--
-- Dumping data for table `telephone_number`
--

LOCK TABLES `telephone_number` WRITE;
/*!40000 ALTER TABLE `telephone_number` DISABLE KEYS */;
INSERT INTO `telephone_number` VALUES ('TEL1000','0342222222',1,'2017-01-01','12:00:00',1,NULL,NULL,NULL,'Admin telephone'),('TEL1001','0773099342',NULL,'2017-09-09','20:50:53',1,NULL,NULL,NULL,NULL);
/*!40000 ALTER TABLE `telephone_number` ENABLE KEYS */;
UNLOCK TABLES;

--
-- Dumping data for table `uom`
--

LOCK TABLES `uom` WRITE;
/*!40000 ALTER TABLE `uom` DISABLE KEYS */;
INSERT INTO `uom` VALUES ('UOM1000','E','EACH',1,'2017-01-01','12:00:00',1,NULL,NULL,NULL,'EACH UNIT OF MEASURE'),('UOM1001','L','LITER',1,'2017-01-01','12:00:00',1,NULL,NULL,NULL,'LITER UNIT OF MEASURE'),('UOM1002','ML','MILILITER',1,'2017-01-01','12:00:00',1,NULL,NULL,NULL,'MILILITER UNIT OF MEASURE'),('UOM1003','KG','KILOGRAM',1,'2017-01-01','12:00:00',1,NULL,NULL,NULL,'KOLIGRAM UNIT OF MEASURE'),('UOM1004','G','GRAM',1,'2017-01-01','12:00:00',1,NULL,NULL,NULL,'GRAM UNIT OF MEASURE');
/*!40000 ALTER TABLE `uom` ENABLE KEYS */;
UNLOCK TABLES;

--
-- Dumping data for table `uom_conversion`
--

LOCK TABLES `uom_conversion` WRITE;
/*!40000 ALTER TABLE `uom_conversion` DISABLE KEYS */;
INSERT INTO `uom_conversion` VALUES ('UOC',1000,1000,'2017-01-01','12:00:00',1,NULL,NULL,NULL,'liter to milliliter','UOM1001','UOM1002');
/*!40000 ALTER TABLE `uom_conversion` ENABLE KEYS */;
UNLOCK TABLES;

--
-- Dumping data for table `user`
--

LOCK TABLES `user` WRITE;
/*!40000 ALTER TABLE `user` DISABLE KEYS */;
INSERT INTO `user` VALUES (1,'admin','admin@123',1,1,'2017-05-01','08:00:00',1,'1900-01-01','12:00:00',1,'System admin',1,'BPT1000');
/*!40000 ALTER TABLE `user` ENABLE KEYS */;
UNLOCK TABLES;

--
-- Dumping data for table `user_privilage`
--

LOCK TABLES `user_privilage` WRITE;
/*!40000 ALTER TABLE `user_privilage` DISABLE KEYS */;
INSERT INTO `user_privilage` VALUES (1,'1,2,3,4,5,11,12,13,14,15,21,22,23,24,25,31,32,33,34,35,41,42,43,44,45,51,52,53,54,55,111,112,113,114,115,116,117,118,119,1110,1111,1112,1113,1114,1115,1116','2017-05-01','08:00:00',1,'1900-01-01','12:00:00',1,'System admin role');
/*!40000 ALTER TABLE `user_privilage` ENABLE KEYS */;
UNLOCK TABLES;

--
-- Dumping data for table `vehicle`
--

LOCK TABLES `vehicle` WRITE;
/*!40000 ALTER TABLE `vehicle` DISABLE KEYS */;
INSERT INTO `vehicle` VALUES ('VEH1000','CAJ-1082','2016',1,'2017-09-09','22:25:50',1,NULL,NULL,NULL,'','BPT1001','VHT1000');
/*!40000 ALTER TABLE `vehicle` ENABLE KEYS */;
UNLOCK TABLES;

--
-- Dumping data for table `vehicle_type`
--

LOCK TABLES `vehicle_type` WRITE;
/*!40000 ALTER TABLE `vehicle_type` DISABLE KEYS */;
INSERT INTO `vehicle_type` VALUES ('VHT1000','CAR',1,'2017-09-09','22:25:22',1,NULL,NULL,NULL,'CAR');
/*!40000 ALTER TABLE `vehicle_type` ENABLE KEYS */;
UNLOCK TABLES;

--
-- Dumping routines for database 'enterprisedb'
--
/*!40103 SET TIME_ZONE=@OLD_TIME_ZONE */;

/*!40101 SET SQL_MODE=@OLD_SQL_MODE */;
/*!40014 SET FOREIGN_KEY_CHECKS=@OLD_FOREIGN_KEY_CHECKS */;
/*!40014 SET UNIQUE_CHECKS=@OLD_UNIQUE_CHECKS */;
/*!40101 SET CHARACTER_SET_CLIENT=@OLD_CHARACTER_SET_CLIENT */;
/*!40101 SET CHARACTER_SET_RESULTS=@OLD_CHARACTER_SET_RESULTS */;
/*!40101 SET COLLATION_CONNECTION=@OLD_COLLATION_CONNECTION */;
/*!40111 SET SQL_NOTES=@OLD_SQL_NOTES */;

-- Dump completed on 2017-09-11 14:35:06
